él,hombres,género
ellos,hombres,género
este,hombres,género
estos,hombres,género
ese,hombres,género
esos,hombres,género
aquel,hombres,género
aquellos,hombres,género
el,hombres,género
los,hombres,género
un,hombres,género
unos,hombres,género
mismo,hombres,género
mismos,hombres,género
muchos,hombres,género
abogado,hombres,género
acomodador,hombres,género
actor,hombres,género
administrador,hombres,género
adonis,hombres,género
aficionado,hombres,género
agricultor,hombres,género
ahijado,hombres,género
alabardero,hombres,género
alcalde,hombres,género
amigo,hombres,género
anciano,hombres,género
anfitrión,hombres,género
arador,hombres,género
arquitecto,hombres,género
arrendatario,hombres,género
arriero,hombres,género
artillero,hombres,género
asesino,hombres,género
asesor,hombres,género
aviador,hombres,género
bailarín,hombres,género
barquero,hombres,género
barrendero,hombres,género
basurero,hombres,género
bracero,hombres,género
bribón,hombres,género
caballero,hombres,género
cabrero,hombres,género
camarero,hombres,género
canalla,hombres,género
capataz,hombres,género
casanova,hombres,género
cazador,hombres,género
chambelán,hombres,género
charlatán,hombres,género
chico,hombres,género
chino,hombres,género
chiquillo,hombres,género
científico,hombres,género
ciudadano,hombres,género
colegial,hombres,género
compañero,hombres,género
comprador,hombres,género
conductor,hombres,género
conquistador,hombres,género
conservador,hombres,género
constructor,hombres,género
cornudo,hombres,género
corsario,hombres,género
coyote,hombres,género
cuidador,hombres,género
dandy,hombres,género
defensor,hombres,género
desguazador,hombres,género
deshollinador,hombres,género
desollador,hombres,género
director,hombres,género
diseñador,hombres,género
divorciado,hombres,género
doctor,hombres,género
duende,hombres,género
empleado,hombres,género
enamorado,hombres,género
encargado,hombres,género
escardador,hombres,género
esclavo,hombres,género
espigador,hombres,género
esposo,hombres,género
estibador,hombres,género
eunuco,hombres,género
examinador,hombres,género
fanfarrón,hombres,género
farmacéutico,hombres,género
fisgón,hombres,género
gallito,hombres,género
generalísimo,hombres,género
gitano,hombres,género
golfillo,hombres,género
golfo,hombres,género
granjero,hombres,género
granuja,hombres,género
guardián,hombres,género
hermano,hombres,género
hermanito,hombres,género
hijo,hombres,género
hombre,hombres,género
hombres,hombres,género
huérfano,hombres,género
húsar,hombres,género
infiltrado,hombres,género
ingeniero,hombres,género
inquilino,hombres,género
inspector,hombres,género
instructor,hombres,género
investigador,hombres,género
jefe,hombres,género
jeque,hombres,género
jornalero,hombres,género
juez,hombres,género
júnior,hombres,género
labriego,hombres,género
ladrón,hombres,género
leñador,hombres,género
limpiador,hombres,género
macho,hombres,género
maestro,hombres,género
mamón,hombres,género
marido,hombres,género
marinero,hombres,género
matón,hombres,género
mayordomo,hombres,género
minero,hombres,género
mirón,hombres,género
mozo,hombres,género
médico,hombres,género
negro,hombres,género
niño,hombres,género
niñato,hombres,género
novio,hombres,género
observador,hombres,género
padre,hombres,género
panadero,hombres,género
pastor,hombres,género
patriarca,hombres,género
patrón,hombres,género
patán,hombres,género
peregrino,hombres,género
petimetre,hombres,género
peón,hombres,género
pintor,hombres,género
pionero,hombres,género
polígamo,hombres,género
porquero,hombres,género
portero,hombres,género
postulador,hombres,género
preso,hombres,género
primo,hombres,género
prisionero,hombres,género
profesor,hombres,género
propietario,hombres,género
proxeneta,hombres,género
príncipe,hombres,género
putero,hombres,género
pícaro,hombres,género
rastreador,hombres,género
recadero,hombres,género
recaudador,hombres,género
recogedor,hombres,género
revisor,hombres,género
sabueso,hombres,género
sacristán,hombres,género
sansón,hombres,género
segador,hombres,género
sepulturero,hombres,género
señor,hombres,género
sherlock,hombres,género
sobrecargo,hombres,género
sobrino,hombres,género
socio,hombres,género
soltero,hombres,género
sonámbulo,hombres,género
sr,hombres,género
superintendente,hombres,género
tarzán,hombres,género
tendedero,hombres,género
terrateniente,hombres,género
timonel,hombres,género
trabajador,hombres,género
vecino,hombres,género
vejete,hombres,género
vencedor,hombres,género
veterano,hombres,género
veterinario,hombres,género
viejo,hombres,género
violador,hombres,género
viudo,hombres,género
voyeur,hombres,género
zagal,hombres,género
adolescente,indefinido,unmarked
agente,indefinido,unmarked
alguacil,indefinido,unmarked
árbitro,indefinido,unmarked
atleta,indefinido,unmarked
auxiliar,indefinido,unmarked
ayudante,indefinido,unmarked
bebé,indefinido,unmarked
bombero,indefinido,unmarked
camarada,indefinido,unmarked
cantante,indefinido,unmarked
capitán,indefinido,unmarked
che,indefinido,unmarked
comandante,indefinido,unmarked
coronel,indefinido,unmarked
conserje,indefinido,unmarked
consorte,indefinido,unmarked
contramaestre,indefinido,unmarked
contratista,indefinido,unmarked
copiloto,indefinido,unmarked
curador,indefinido,unmarked
cómplice,indefinido,unmarked
dentista,indefinido,unmarked
deportista,indefinido,unmarked
detective,indefinido,unmarked
dietista,indefinido,unmarked
disidente,indefinido,unmarked
escolta,indefinido,unmarked
espía,indefinido,unmarked
estudiante,indefinido,unmarked
ex,indefinido,unmarked
fan,indefinido,unmarked
fisioterapeuta,indefinido,unmarked
gendarme,indefinido,unmarked
guerrillero,indefinido,unmarked
guardabosques,indefinido,unmarked
guardacostas,indefinido,unmarked
guía,indefinido,unmarked
habitante,indefinido,unmarked
hincha,indefinido,unmarked
huelguista,indefinido,unmarked
huésped,indefinido,unmarked
individuo,indefinido,unmarked
infante,indefinido,unmarked
jardinero,indefinido,unmarked
jinete,indefinido,unmarked
joven,indefinido,unmarked
kamikaze,indefinido,unmarked
lactante,indefinido,unmarked
logopeda,indefinido,unmarked
mánager,indefinido,unmarked
manitas,indefinido,género
mentalista,indefinido,género
militar,indefinido,unmarked
motociclista,indefinido,unmarked
navegante,indefinido,unmarked
oficial,indefinido,unmarked
pasajero,indefinido,unmarked
periodista,indefinido,unmarked
piloto,indefinido,unmarked
poli,indefinido,unmarked
policía,indefinido,unmarked
presidente,indefinido,unmarked
protagonista,indefinido,unmarked
recepcionista,indefinido,unmarked
recluta,indefinido,unmarked
representante,indefinido,unmarked
sargento,indefinido,unmarked
soldado,indefinido,unmarked
subcontratista,indefinido,unmarked
submarinista,indefinido,unmarked
suboficial,indefinido,unmarked
taxista,indefinido,unmarked
testigo,indefinido,unmarked
transportista,indefinido,unmarked
turista,indefinido,unmarked
ujier,indefinido,unmarked
vejestorio,indefinido,unmarked
vigilante,indefinido,unmarked
ella,mujeres,género
ellas,mujeres,género
esta,mujeres,género
estas,mujeres,género
esa,mujeres,género
esas,mujeres,género
aquella,mujeres,género
aquellas,mujeres,género
la,mujeres,género
las,mujeres,género
una,mujeres,género
unas,mujeres,género
misma,mujeres,género
mismas,mujeres,género
muchas,mujeres,género
abogada,mujeres,género
abuela,mujeres,género
acomodadora,mujeres,género
actriz,mujeres,género
administradora,mujeres,género
aficionada,mujeres,género
agricultora,mujeres,género
ahijada,mujeres,género
alcaldesa,mujeres,género
ama,mujeres,género
amada,mujeres,género
amante,mujeres,género
amiga,mujeres,género
anciana,mujeres,género
anfitriona,mujeres,género
animadora,mujeres,género
arquitecta,mujeres,género
arrendataria,mujeres,género
asesora,mujeres,género
asistenta,mujeres,género
aviadora,mujeres,género
azafata,mujeres,género
bailarina,mujeres,género
baronesa,mujeres,género
barrendera,mujeres,género
cabrera,mujeres,género
camarera,mujeres,género
casada,mujeres,género
cenicienta,mujeres,género
charlatana,mujeres,género
chica,mujeres,género
china,mujeres,género
chismosa,mujeres,género
científica,mujeres,género
ciudadana,mujeres,género
colegiala,mujeres,género
compañera,mujeres,género
compradora,mujeres,género
concubina,mujeres,género
condesa,mujeres,género
conductora,mujeres,género
conquistadora,mujeres,género
cornuda,mujeres,género
cortesana,mujeres,género
cuidadora,mujeres,género
dalila,mujeres,género
dama,mujeres,género
damisela,mujeres,género
defensora,mujeres,género
directora,mujeres,género
diseñadora,mujeres,género
divorciada,mujeres,género
doctora,mujeres,género
doncella,mujeres,género
dríada,mujeres,género
dríade,mujeres,género
dulcinea,mujeres,género
duquesa,mujeres,género
embarazada,mujeres,género
empleada,mujeres,género
enamorada,mujeres,género
encargada,mujeres,género
enfermera,mujeres,género
enviada,mujeres,género
esclava,mujeres,género
esposa,mujeres,género
examinadora,mujeres,género
farmacéutica,mujeres,género
fisgona,mujeres,género
geisha,mujeres,género
gitana,mujeres,género
granjera,mujeres,género
guardiana,mujeres,género
hamadríade,mujeres,género
hechicera,mujeres,género
hermana,mujeres,género
hermanastra,mujeres,género
hermanita,mujeres,género
heroína,mujeres,género
hija,mujeres,género
hurí,mujeres,género
huérfana,mujeres,género
infanta,mujeres,género
infiltrada,mujeres,género
ingeniera,mujeres,género
inquilina,mujeres,género
inspectora,mujeres,género
instructora,mujeres,género
investigadora,mujeres,género
jefa,mujeres,género
jequesa,mujeres,género
jueza,mujeres,género
ladrona,mujeres,género
lesbiana,mujeres,género
limpiadora,mujeres,género
literata,mujeres,género
lolita,mujeres,género
lulú,mujeres,género
madre,mujeres,género
maestra,mujeres,género
mamá,mujeres,género
marimacho,mujeres,género
marinera,mujeres,género
marquesa,mujeres,género
materfamilias,mujeres,género
matriarca,mujeres,género
matrona,mujeres,género
mestiza,mujeres,género
minera,mujeres,género
moza,mujeres,género
mucama,mujeres,género
muchacha,mujeres,género
mujer,mujeres,género
mujercita,mujeres,género
mujeres,mujeres,género
mujerzuela,mujeres,género
médica,mujeres,género
ménade,mujeres,género
milady,mujeres,género
negra,mujeres,género
ninfa,mujeres,género
niña,mujeres,género
niñata,mujeres,género
niñera,mujeres,género
novia,mujeres,género
nulípara,mujeres,género
odalisca,mujeres,género
partera,mujeres,género
pastora,mujeres,género
peregrina,mujeres,género
pintora,mujeres,género
pionera,mujeres,género
porquera,mujeres,género
portera,mujeres,género
presa,mujeres,género
prima,mujeres,género
primigrávida,mujeres,género
princesa,mujeres,género
prisionera,mujeres,género
profesora,mujeres,género
propietaria,mujeres,género
prostituta,mujeres,género
ramera,mujeres,género
recaudadora,mujeres,género
reina,mujeres,género
revisora,mujeres,género
secretaria,mujeres,género
secundigravida,mujeres,género
señora,mujeres,género
señorita,mujeres,género
sierva,mujeres,género
sirvienta,mujeres,género
sobrina,mujeres,género
socia,mujeres,género
soltera,mujeres,género
sonámbula,mujeres,género
sra,mujeres,género
sílfide,mujeres,género
tendedera,mujeres,género
trabajadora,mujeres,género
tía,mujeres,género
vamp,mujeres,género
vecina,mujeres,género
vencedora,mujeres,género
vendedora,mujeres,género
vestal,mujeres,género
veterinaria,mujeres,género
virago,mujeres,género
vireina,mujeres,género
viuda,mujeres,género
vizcondesa,mujeres,género
maxi,hombres,género
paco,hombres,género
rony,hombres,género
santi,hombres,género
georges,hombres,género
martín,hombres,género
fernand,hombres,género
paul,hombres,género
álvaro,hombres,género
armando,hombres,género
antonio,hombres,género
arturo,hombres,género
cayetano,hombres,género
carlo,hombres,género
claude,hombres,género
chema,hombres,género
gil,hombres,género
gregorio,hombres,género
miguelito,hombres,género
migue,hombres,género
miguel,hombres,género
julián,hombres,género
feliciano,hombres,género
eugenio,hombres,género
iker,hombres,género
jonathan,hombres,género
jim,hombres,género
max,hombres,género
magnus,hombres,género
marc,hombres,género
arthur,hombres,género
olivier,hombres,género
lorenzo,hombres,género
raúl,hombres,género
paulo,hombres,género
erik,hombres,género
jean,hombres,género
eduardo,hombres,género
manuel,hombres,género
luigi,hombres,género
guillaume,hombres,género
guillermo,hombres,género
guille,hombres,género
aníbal,hombres,género
berthe,hombres,género
pere,hombres,género
carles,hombres,género
jaime,hombres,género
david,hombres,género
jonatan,hombres,género
fulgencio,hombres,género
jaume,hombres,género
sergio,hombres,género
reinaldo,hombres,género
lucas,hombres,género
aarón,hombres,género
abdalá,hombres,género
abdías,hombres,género
abdón,hombres,género
abel,hombres,género
bel,hombres,género
abelardo,hombres,género
abraham,hombres,género
absalón,hombres,género
abundio,hombres,género
acacio,hombres,género
achiuta,hombres,género
acisclo,hombres,género
adalberto,hombres,género
adán,hombres,género
adolfo,hombres,género
adrià,hombres,género
adrián,hombres,género
adriel,hombres,género
adrista,hombres,género
afrodisio,hombres,género
agamenón,hombres,género
agapito,hombres,género
agastia,hombres,género
agatoclio,hombres,género
aghásura,hombres,género
agni,hombres,género
agustín,hombres,género
aitor,hombres,género
aladino,hombres,género
alarico,hombres,género
albano,hombres,género
alberto,hombres,género
albino,hombres,género
alcibíades,hombres,género
alcide,hombres,género
alcides,hombres,género
aldo,hombres,género
alec,hombres,género
alejandro,hombres,género
alejo,hombres,género
alfonso,hombres,género
alfredo,hombres,género
amadeo,hombres,género
amado,hombres,género
amador,hombres,género
amancio,hombres,género
amara-kosha,hombres,género
ambarisha,hombres,género
ambrosio,hombres,género
amenhotep,hombres,género
américo,hombres,género
amílcar,hombres,género
amit,hombres,género
amós,hombres,género
amsha,hombres,género
anacleto,hombres,género
ananías,hombres,género
anastasio,hombres,género
anatolio,hombres,género
ander,hombres,género
andhaka,hombres,género
andoni,hombres,género
andreas,hombres,género
andrea,hombres,género
andrei,hombres,género
andrés,hombres,género
andrónico,hombres,género
ángel,hombres,género
angus,hombres,género
aniceto,hombres,género
anselmo,hombres,género
antenor,hombres,género
antoni,hombres,género
antonino,hombres,género
apolinar,hombres,género
apolo,hombres,género
apolonio,hombres,género
aquiles,hombres,género
argimiro,hombres,género
ariel,hombres,género
aristarco,hombres,género
arístides,hombres,género
armand,hombres,género
arnaldo,hombres,género
arnulfo,hombres,género
arquímedes,hombres,género
arsenio,hombres,género
aryaman,hombres,género
ascanio,hombres,género
asdrúbal,hombres,género
ashuatama,hombres,género
aśoka,hombres,género
astika,hombres,género
asura,hombres,género
ashuin,hombres,género
atanasio,hombres,género
atsushi,hombres,género
aubrey,hombres,género
augurio,hombres,género
augusto,hombres,género
aureliano,hombres,género
aurelio,hombres,género
avelino,hombres,género
axel,hombres,género
bakasura,hombres,género
balarama,hombres,género
balbino,hombres,género
baldomero,hombres,género
balduino,hombres,género
baltasar,hombres,género
banásura,hombres,género
bartolomé,hombres,género
basilio,hombres,género
baudhāyana,hombres,género
bautista,hombres,género
beato,hombres,género
belisario,hombres,género
beltrán,hombres,género
benedetto,hombres,género
benedicto,hombres,género
benigno,hombres,género
benjamín,hombres,género
bento,hombres,género
berengario,hombres,género
bernabé,hombres,género
bernardino,hombres,género
bernardo,hombres,género
bernhard,hombres,género
bernie,hombres,género
berto,hombres,género
betuel,hombres,género
bhaga,hombres,género
bhajan,hombres,género
bharadvaya,hombres,género
bharata,hombres,género
bhavaviveka,hombres,género
bhima,hombres,género
bhishmá,hombres,género
bhrigu,hombres,género
biagio,hombres,género
bienvenido,hombres,género
björn,hombres,género
blas,hombres,género
bo,hombres,género
bogdan,hombres,género
bogumil,hombres,género
bogusław,hombres,género
boleslao,hombres,género
boni,hombres,género
bonifacio,hombres,género
borja,hombres,género
bosco,hombres,género
boutros,hombres,género
boyan,hombres,género
braulio,hombres,género
brian,hombres,género
brijadratha,hombres,género
brihaspati,hombres,género
bronisław,hombres,género
bruno,hombres,género
calixto,hombres,género
camilo,hombres,género
cancio,hombres,género
cándido,hombres,género
canek,hombres,género
carlos,hombres,género
carmelo,hombres,género
carol,hombres,género
casimiro,hombres,género
casiodoro,hombres,género
casto,hombres,género
catriel,hombres,género
caupolicán,hombres,género
cayo,hombres,género
cecilio,hombres,género
ceferino,hombres,género
celedonio,hombres,género
celestino,hombres,género
celso,hombres,género
césar,hombres,género
chandra,hombres,género
cháraka,hombres,género
chiávana,hombres,género
cipriano,hombres,género
ciriaco,hombres,género
cirilo,hombres,género
ciro,hombres,género
claudio,hombres,género
clemente,hombres,género
columbano,hombres,género
conrado,hombres,género
constancio,hombres,género
constantino,hombres,género
cornelio,hombres,género
cosme,hombres,género
crescencio,hombres,género
crisanto,hombres,género
crisóstomo,hombres,género
crispín,hombres,género
cristián,hombres,género
cristóbal,hombres,género
cuauhtémoc,hombres,género
czesław,hombres,género
dadhichi,hombres,género
daiki,hombres,género
daisuke,hombres,género
daksha,hombres,género
dalmacio,hombres,género
dámaso,hombres,género
damián,hombres,género
dánae,hombres,género
daniel,hombres,género
danijel,hombres,género
danilo,hombres,género
dardo,hombres,género
darío,hombres,género
dasharatha,hombres,género
demetrio,hombres,género
deodato,hombres,género
deogracias,hombres,género
desiderio,hombres,género
devabhuti,hombres,género
devala,hombres,género
dhritarashtra,hombres,género
diego,hombres,género
dieguito,hombres,género
dieus,hombres,género
dimas,hombres,género
diodoro,hombres,género
dionisio,hombres,género
dobromir,hombres,género
domingo,hombres,género
donato,hombres,género
doroteo,hombres,género
drona,hombres,género
drupada,hombres,género
durvasa,hombres,género
duryodhana,hombres,género
dwayne,hombres,género
edelmiro,hombres,género
edgar,hombres,género
edmundo,hombres,género
edwin,hombres,género
eero,hombres,género
efraím,hombres,género
egidio,hombres,género
eladio,hombres,género
eleazar,hombres,género
eleuterio,hombres,género
elías,hombres,género
eliseo,hombres,género
eloy,hombres,género
emerico,hombres,género
emeterio,hombres,género
emigdio,hombres,género
emiliano,hombres,género
emilianito,hombres,género
emilio,hombres,género
enoc,hombres,género
enós,hombres,género
enrique,hombres,género
enzo,hombres,género
epifanio,hombres,género
erasmo,hombres,género
eric,hombres,género
ernesto,hombres,género
esaú,hombres,género
esdras,hombres,género
espartaco,hombres,género
estanislao,hombres,género
esteban,hombres,género
etelfrido,hombres,género
ethelbaldo,hombres,género
eudes,hombres,género
eulogio,hombres,género
eusebio,hombres,género
eustacio,hombres,género
eustaquio,hombres,género
evaristo,hombres,género
ezequiel,hombres,género
fabián,hombres,género
fabio,hombres,género
fabricio,hombres,género
facundo,hombres,género
faustino,hombres,género
fausto,hombres,género
federico,hombres,género
fede,hombres,género
felipe,hombres,género
félix,hombres,género
fermín,hombres,género
fernando,hombres,género
fidel,hombres,género
filemón,hombres,género
finnian,hombres,género
fiódor,hombres,género
florencio,hombres,género
florentino,hombres,género
florián,hombres,género
fortunato,hombres,género
francisco,hombres,género
froilán,hombres,género
fructuoso,hombres,género
gabino,hombres,género
gabriel,hombres,género
gabri,hombres,género
gabo,hombres,género
galvarino,hombres,género
gamaliel,hombres,género
gana,hombres,género
garcía,hombres,género
garuda,hombres,género
gaspar,hombres,género
gastón,hombres,género
gaudencio,hombres,género
gautama,hombres,género
gedeón,hombres,género
geoffrey,hombres,género
gerardo,hombres,género
germán,hombres,género
gerson,hombres,género
gervasio,hombres,género
gianluca,hombres,género
gianni,hombres,género
gilberto,hombres,género
ginés,hombres,género
girolamo,hombres,género
gobrias,hombres,género
godofredo,hombres,género
goliat,hombres,género
gonzalo,hombres,género
gopala,hombres,género
gorō,hombres,género
gottlieb,hombres,género
govinda,hombres,género
gualberto,hombres,género
guido,hombres,género
gumersindo,hombres,género
gumaro,hombres,género
gustaf,hombres,género
gustav,hombres,género
gustavo,hombres,género
hamza,hombres,género
haroldo,hombres,género
harry,hombres,género
hassan,hombres,género
hayato,hombres,género
héctor,hombres,género
heihachi,hombres,género
heihachirō,hombres,género
heinz,hombres,género
heliodoro,hombres,género
henrik,hombres,género
henrique,hombres,género
heráclides,hombres,género
heraclio,hombres,género
herbert,hombres,género
hercle,hombres,género
hércules,hombres,género
heriberto,hombres,género
hermenegildo,hombres,género
hernán,hombres,género
hernández,hombres,género
herodes,hombres,género
hideaki,hombres,género
higinio,hombres,género
hilario,hombres,género
hillel,hombres,género
hipólito,hombres,género
hiroki,hombres,género
hiroshi,hombres,género
hisashi,hombres,género
homero,hombres,género
homobono,hombres,género
honorato,hombres,género
honorio,hombres,género
horacio,hombres,género
horatio,hombres,género
hormisdas,hombres,género
huberto,hombres,género
hugo,hombres,género
humberto,hombres,género
iaksa,hombres,género
ian,hombres,género
ichirō,hombres,género
ignacio,hombres,género
ignat,hombres,género
iksuaku,hombres,género
indalecio,hombres,género
ingo,hombres,género
isaac,hombres,género
isaak,hombres,género
isaías,hombres,género
isidoro,hombres,género
ismael,hombres,género
israel,hombres,género
italo,hombres,género
iván,hombres,género
ivo,hombres,género
jacinto,hombres,género
jacobo,hombres,género
jael,hombres,género
jaganatha,hombres,género
jair,hombres,género
jairo,hombres,género
jalaiuda,hombres,género
jarischandra,hombres,género
javier,hombres,género
javi,hombres,género
jean-françois,hombres,género
jean-pierre,hombres,género
jeffrey,hombres,género
jemachandra,hombres,género
jenaro,hombres,género
jeno,hombres,género
jeremías,hombres,género
jerome,hombres,género
jerónimo,hombres,género
gerónimo,hombres,género
gero,hombres,género
jirō,hombres,género
joachim,hombres,género
joão,hombres,género
joaquín,hombres,género
job,hombres,género
joel,hombres,género
johann,hombres,género
jon,hombres,género
jorge,hombres,género
josé,hombres,género
joseba,hombres,género
josefino,hombres,género
josías,hombres,género
josmar,hombres,género
jossmar,hombres,género
josu,hombres,género
josué,hombres,género
juan,hombres,género
juanelo,hombres,género
juantxo,hombres,género
judá,hombres,género
julen,hombres,género
julio,hombres,género
julito,hombres,género
kailash,hombres,género
kankurō,hombres,género
kanua,hombres,género
kardama,hombres,género
karttikeya,hombres,género
kavi,hombres,género
kedara,hombres,género
kedarnath,hombres,género
kemuel,hombres,género
kenneth,hombres,género
kenzō,hombres,género
kepa,hombres,género
kinnara,hombres,género
kintarō,hombres,género
kushika,hombres,género
labán,hombres,género
ladislao,hombres,género
lalo,hombres,género
laureano,hombres,género
lautaro,hombres,género
lázaro,hombres,género
leandro,hombres,género
leonardo,hombres,género
leopoldo,hombres,género
leví,hombres,género
levy,hombres,género
licas,hombres,género
lior,hombres,género
loïc,hombres,género
lokapala,hombres,género
lubomir,hombres,género
lucio,hombres,género
ludovico,hombres,género
luis,hombres,género
madhusudan,hombres,género
maffeo,hombres,género
maikel,hombres,género
majá,hombres,género
malcolm,hombres,género
mamerto,hombres,género
mansur,hombres,género
manu,hombres,género
marcelino,hombres,género
marcelo,hombres,género
marcos,hombres,género
mariano,hombres,género
mario,hombres,género
mashallah,hombres,género
massimo,hombres,género
matariswan,hombres,género
mateo,hombres,género
mauricio,hombres,género
máximo,hombres,género
mázatl,hombres,género
medardo,hombres,género
mikel,hombres,género
milan,hombres,género
miqueas,hombres,género
mirko,hombres,género
miroslav,hombres,género
modesto,hombres,género
mohamed,hombres,género
mstislav,hombres,género
muawiya,hombres,género
mustafá,hombres,género
nahuel,hombres,género
nahum,hombres,género
nala,hombres,género
námaste,hombres,género
nandi,hombres,género
narakasura,hombres,género
natalio,hombres,género
natán,hombres,género
nataraja,hombres,género
nath,hombres,género
nehemías,hombres,género
neil,hombres,género
nelson,hombres,género
nepomuk,hombres,género
néstor,hombres,género
nicolás,hombres,género
nickolas,hombres,género
nikita,hombres,género
nimi,hombres,género
níriti,hombres,género
noé,hombres,género
norberto,hombres,género
odón,hombres,género
oier,hombres,género
olaf,hombres,género
omar,hombres,género
onesíforo,hombres,género
ordoño,hombres,género
orlando,hombres,género
óscar,hombres,género
osmar,hombres,género
osvaldo,hombres,género
oswaldo,hombres,género
pablo,hombres,género
panagiotis,hombres,género
pándava,hombres,género
pandú,hombres,género
pantaleón,hombres,género
paolo,hombres,género
pariksit,hombres,género
parsuá,hombres,género
paryania,hombres,género
pascual,hombres,género
patricio,hombres,género
pedro,hombres,género
pelayo,hombres,género
philippe,hombres,género
picasso,hombres,género
pol,hombres,género
peña,hombres,género
pradiumna,hombres,género
premislao,hombres,género
primitivo,hombres,género
prisciliano,hombres,género
prithú,hombres,género
prudencio,hombres,género
publio,hombres,género
pulaja,hombres,género
puloman,hombres,género
púrusha,hombres,género
purushottama,hombres,género
quirico,hombres,género
radomir,hombres,género
radosław,hombres,género
rafael,hombres,género
raghú,hombres,género
raimundo,hombres,género
rainer,hombres,género
raju,hombres,género
ráksasa,hombres,género
rama,hombres,género
ramiro,hombres,género
ravana,hombres,género
remigio,hombres,género
renato,hombres,género
rené,hombres,género
reto,hombres,género
reza,hombres,género
ribhu,hombres,género
ricardo,hombres,género
rigoberto,hombres,género
roberto,hombres,género
rodolfo,hombres,género
rodrigo,hombres,género
rogelio,hombres,género
roger,hombres,género
roland,hombres,género
romel,hombres,género
rosendo,hombres,género
saburō,hombres,género
sadrac,hombres,género
sagara,hombres,género
sajádeva,hombres,género
salvador,hombres,género
sambor,hombres,género
samuel,hombres,género
sancho,hombres,género
sanjaya,hombres,género
santiago,hombres,género
saúl,hombres,género
sebastián,hombres,género
selim,hombres,género
senén,hombres,género
sharabha,hombres,género
shinzō,hombres,género
shirō,hombres,género
shiva,hombres,género
siddha,hombres,género
sidonio,hombres,género
silvius,hombres,género
simón,hombres,género
slavko,hombres,género
slawomir,hombres,género
srivatsa,hombres,género
stefano,hombres,género
sudraka,hombres,género
sukra,hombres,género
suleimán,hombres,género
suyog,hombres,género
tadeo,hombres,género
taichi,hombres,género
takumi,hombres,género
thiago,hombres,género
tiago,hombres,género
tiberio,hombres,género
timoteo,hombres,género
tinia,hombres,género
tito,hombres,género
tobías,hombres,género
toby,hombres,género
togarma,hombres,género
tomás,hombres,género
tonatiuh,hombres,género
tuastri,hombres,género
tupac,hombres,género
ubaidallah,hombres,género
ubaldo,hombres,género
urbano,hombres,género
urías,hombres,género
uriel,hombres,género
urso,hombres,género
uwe,hombres,género
václav,hombres,género
vadim,hombres,género
vairochana,hombres,género
vaiu,hombres,género
vajrapani,hombres,género
venancio,hombres,género
vicente,hombres,género
víctor,hombres,género
vidura,hombres,género
vikramāditya,hombres,género
vilhelmo,hombres,género
vishnu,hombres,género
vito,hombres,género
vladislao,hombres,género
vsévolod,hombres,género
warren,hombres,género
wenceslao,hombres,género
william,hombres,género
wojciech,hombres,género
xicohténcatl,hombres,género
yada bharata,hombres,género
yajnú,hombres,género
yanameyaiá,hombres,género
yaromir,hombres,género
yasu,hombres,género
yasunari,hombres,género
yazid,hombres,género
yogui,hombres,género
yudhishthira,hombres,género
yusuf,hombres,género
yves,hombres,género
zabulón,hombres,género
zabaleta,hombres,género
zacarías,hombres,género
zanobi,hombres,género
zaqueo,hombres,género
zbigniew,hombres,género
zeferino,hombres,género
zoran,hombres,género
adan,hombres,género
ademar,hombres,género
adriano,hombres,género
alonso,hombres,género
alphons,hombres,género
alvaro,hombres,género
angel,hombres,género
antero,hombres,género
antonin,hombres,género
aznar,hombres,género
benito,hombres,género
beto,hombres,género
carlito,hombres,género
cesar,hombres,género
charli,hombres,género
cristhian,hombres,género
dario,hombres,género
edgardo,hombres,género
efraín,hombres,género
elbio,hombres,género
elpidio,hombres,género
fernández,hombres,género
martínez,hombres,género
flavio,hombres,género
florentin,hombres,género
genovevo,hombres,género
geronimo,hombres,género
gutierre,hombres,género
hector,hombres,género
hernándo,hombres,género
inigo,hombres,género
jhon,hombres,género
jimeno,hombres,género
juanfran,hombres,género
juanma,hombres,género
jusepe,hombres,género
leon,hombres,género
liberato,hombres,género
liberto,hombres,género
lotario,hombres,género
luca,hombres,género
lucero,hombres,género
luciano,hombres,género
manolito,hombres,género
manolo,hombres,género
manrique,hombres,género
marco,hombres,género
matías,hombres,género
maximiliano,hombres,género
melquíades,hombres,género
milo,hombres,género
nacho,hombres,género
napoleon,hombres,género
narciso,hombres,género
nazario,hombres,género
nemesio,hombres,género
nestor,hombres,género
nicolas,hombres,género
noe,hombres,género
nuño,hombres,género
obdulio,hombres,género
oscar,hombres,género
osorio,hombres,género
panfilo,hombres,género
pasqual,hombres,género
pepe,hombres,género
perez,hombres,género
quique,hombres,género
rafa,hombres,género
ramón,hombres,género
raphael,hombres,género
raul,hombres,género
reno,hombres,género
rolando,hombres,género
roman,hombres,género
ronaldo,hombres,género
aaron,hombres,género
ab,hombres,género
abe,hombres,género
absalom,hombres,género
adam,hombres,género
addison,hombres,género
adel,hombres,género
adolf,hombres,género
adrian,hombres,género
ælfweard,hombres,género
aidin,hombres,género
al,hombres,género
alan,hombres,género
albert,hombres,género
alex,hombres,género
alexander,hombres,género
alfred,hombres,género
algernon,hombres,género
alistair,hombres,género
allan,hombres,género
allen,hombres,género
alvin,hombres,género
amadeus,hombres,género
ambrose,hombres,género
anderson,hombres,género
andrew,hombres,género
andy,hombres,género
anthony,hombres,género
antony,hombres,género
archibald,hombres,género
archie,hombres,género
arliss,hombres,género
arlo,hombres,género
armistead,hombres,género
arnaut,hombres,género
arnie,hombres,género
arnold,hombres,género
art,hombres,género
asher,hombres,género
august,hombres,género
austen,hombres,género
austin,hombres,género
baron,hombres,género
barry,hombres,género
bart,hombres,género
bartholomew,hombres,género
basil,hombres,género
bayard,hombres,género
beau,hombres,género
ben,hombres,género
benedict,hombres,género
benjamin,hombres,género
beresford,hombres,género
bernard,hombres,género
bert,hombres,género
bertram,hombres,género
bertrand,hombres,género
bill,hombres,género
billy,hombres,género
blair,hombres,género
blake,hombres,género
bob,hombres,género
bobby,hombres,género
booth,hombres,género
brad,hombres,género
braden,hombres,género
bradley,hombres,género
bram,hombres,género
bramwell,hombres,género
branden,hombres,género
brandon,hombres,género
braxton,hombres,género
brock,hombres,género
brooks,hombres,género
bryan,hombres,género
bubba,hombres,género
bubby,hombres,género
buck,hombres,género
bud,hombres,género
buddy,hombres,género
butch,hombres,género
byron,hombres,género
caden,hombres,género
caleb,hombres,género
callum,hombres,género
calvin,hombres,género
cameron,hombres,género
cardew,hombres,género
carl,hombres,género
carlie,hombres,género
carlile,hombres,género
carlisle,hombres,género
carlton,hombres,género
carroll,hombres,género
carson,hombres,género
cary,hombres,género
casey,hombres,género
chad,hombres,género
chadwick,hombres,género
chance,hombres,género
chandos,hombres,género
charl,hombres,género
charlee,hombres,género
charles,hombres,género
charley,hombres,género
charlie,hombres,género
charly,hombres,género
chas,hombres,género
chase,hombres,género
chaz,hombres,género
chazz,hombres,género
chester,hombres,género
chet,hombres,género
chip,hombres,género
chris,hombres,género
christian,hombres,género
christopher,hombres,género
chuck,hombres,género
chucky,hombres,género
ciarán,hombres,género
claire,hombres,género
clare,hombres,género
clark,hombres,género
clay,hombres,género
clayton,hombres,género
cletus,hombres,género
cleve,hombres,género
cliff,hombres,género
clifford,hombres,género
clifton,hombres,género
clint,hombres,género
clinton,hombres,género
clive,hombres,género
clyde,hombres,género
cody,hombres,género
colby,hombres,género
cole,hombres,género
colin,hombres,género
collin,hombres,género
colman,hombres,género
coloman,hombres,género
colton,hombres,género
connor,hombres,género
conrad,hombres,género
conway,hombres,género
cooper,hombres,género
corbin,hombres,género
corey,hombres,género
courtney,hombres,género
craig,hombres,género
curtis,hombres,género
curtley,hombres,género
cuthbert,hombres,género
dale,hombres,género
dallas,hombres,género
damien,hombres,género
damon,hombres,género
dan,hombres,género
dana,hombres,género
danny,hombres,género
darby,hombres,género
darren,hombres,género
dave,hombres,género
davis,hombres,género
davy,hombres,género
delbert,hombres,género
denis,hombres,género
dennis,hombres,género
derek,hombres,género
derick,hombres,género
derrick,hombres,género
des,hombres,género
desmond,hombres,género
dexter,hombres,género
díaz,hombres,género
dick,hombres,género
dickon,hombres,género
dicky,hombres,género
dirk,hombres,género
dobie,hombres,género
dom,hombres,género
domenic,hombres,género
dominic,hombres,género
don,hombres,género
donald,hombres,género
doug,hombres,género
dougie,hombres,género
douglas,hombres,género
drake,hombres,género
drew,hombres,género
drummond,hombres,género
duncan,hombres,género
dwight,hombres,género
dylan,hombres,género
eadwulf,hombres,género
ealdwulf,hombres,género
eardwulf,hombres,género
earl,hombres,género
ebenezer,hombres,género
ed,hombres,género
eddie,hombres,género
edmund,hombres,género
edward,hombres,género
elbert,hombres,género
eli,hombres,género
elias,hombres,género
elijah,hombres,género
elisha,hombres,género
elliot,hombres,género
ellwood,hombres,género
elmer,hombres,género
elton,hombres,género
emanuel,hombres,género
emil,hombres,género
emmanuel,hombres,género
emo,hombres,género
erastus,hombres,género
ernest,hombres,género
ernie,hombres,género
ethan,hombres,género
eugene,hombres,género
eustace,hombres,género
evan,hombres,género
evelyn,hombres,género
ezekiel,hombres,género
ezra,hombres,género
fabian,hombres,género
felix,hombres,género
finn,hombres,género
ford,hombres,género
forrest,hombres,género
francis,hombres,género
frank,hombres,género
franklin,hombres,género
fred,hombres,género
freddy,hombres,género
frederic,hombres,género
frederick,hombres,género
gabe,hombres,género
gage,hombres,género
gale,hombres,género
galton,hombres,género
garrett,hombres,género
garth,hombres,género
gary,hombres,género
gavin,hombres,género
gaylord,hombres,género
george,hombres,género
gerald,hombres,género
gerard,hombres,género
gideon,hombres,género
gilbert,hombres,género
giles,hombres,género
giovanni,hombres,género
gonzález,hombres,género
larson,hombres,género
glen,hombres,género
godfrey,hombres,género
gorden,hombres,género
gordon,hombres,género
graham,hombres,género
grant,hombres,género
grayson,hombres,género
greg,hombres,género
gregory,hombres,género
griffin,hombres,género
gulliver,hombres,género
gunnar,hombres,género
gunner,hombres,género
gus,hombres,género
guy,hombres,género
hal,hombres,género
hank,hombres,género
hannibal,hombres,género
harold,hombres,género
harris,hombres,género
harvey,hombres,género
harwood,hombres,género
hayden,hombres,género
hedworth,hombres,género
henry,hombres,género
herman,hombres,género
herschel,hombres,género
hervey,hombres,género
heywood,hombres,género
hilary,hombres,género
holbrook,hombres,género
hope,hombres,género
horace,hombres,género
howard,hombres,género
hubert,hombres,género
hudson,hombres,género
hugh,hombres,género
humphrey,hombres,género
hunter,hombres,género
ike,hombres,género
increase,hombres,género
isaiah,hombres,género
isidore,hombres,género
ivy,hombres,género
jace,hombres,género
jack,hombres,género
jackie,hombres,género
jackson,hombres,género
jacob,hombres,género
jake,hombres,género
james,hombres,género
jamie,hombres,género
jared,hombres,género
jason,hombres,género
jasper,hombres,género
jaxon,hombres,género
jay,hombres,género
jayce,hombres,género
jayden,hombres,género
jeb,hombres,género
jedediah,hombres,género
jeff,hombres,género
jeffery,hombres,género
jeremiah,hombres,género
jeremy,hombres,género
jermaine,hombres,género
jerry,hombres,género
jess,hombres,género
jesse,hombres,género
jet,hombres,género
jethro,hombres,género
jimmy,hombres,género
jodie,hombres,género
joe,hombres,género
joey,hombres,género
john,hombres,género
johnny,hombres,género
johnson,hombres,género
jolyon,hombres,género
jonah,hombres,género
jonas,hombres,género
jonny,hombres,género
jordan,hombres,género
jordie,hombres,género
jordy,hombres,género
joseph,hombres,género
josh,hombres,género
joshua,hombres,género
josiah,hombres,género
julian,hombres,género
julius,hombres,género
juno,hombres,género
justin,hombres,género
kaden,hombres,género
karl,hombres,género
kay,hombres,género
keith,hombres,género
kelly,hombres,género
kelsey,hombres,género
kelvin,hombres,género
ken,hombres,género
kendrick,hombres,género
kenny,hombres,género
kevin,hombres,género
kian,hombres,género
kim,hombres,género
kimble,hombres,género
kirk,hombres,género
kurt,hombres,género
kyle,hombres,género
landon,hombres,género
lanny,hombres,género
larry,hombres,género
laurence,hombres,género
laurie,hombres,género
lawrence,hombres,género
lawton,hombres,género
lee,hombres,género
lenny,hombres,género
leo,hombres,género
leonard,hombres,género
leopold,hombres,género
leslie,hombres,género
lester,hombres,género
levi,hombres,género
lewis,hombres,género
liam,hombres,género
lincoln,hombres,género
lindsay,hombres,género
linus,hombres,género
lionel,hombres,género
logan,hombres,género
louis,hombres,género
luke,hombres,género
luther,hombres,género
lyle,hombres,género
lyndsay,hombres,género
mac,hombres,género
madison,hombres,género
malachi,hombres,género
mandy,hombres,género
marcus,hombres,género
mark,hombres,género
marshall,hombres,género
martin,hombres,género
marvin,hombres,género
mason,hombres,género
matt,hombres,género
matthew,hombres,género
maurice,hombres,género
maverick,hombres,género
maximilian,hombres,género
maxwell,hombres,género
mel,hombres,género
melville,hombres,género
melvin,hombres,género
melvyn,hombres,género
merle,hombres,género
merlin,hombres,género
micah,hombres,género
michael,hombres,género
mike,hombres,género
mikey,hombres,género
miles,hombres,género
mitch,hombres,género
mitchell,hombres,género
moe,hombres,género
monty,hombres,género
morgan,hombres,género
mort,hombres,género
moses,hombres,género
murray,hombres,género
myron,hombres,género
nate,hombres,género
nathan,hombres,género
nathaniel,hombres,género
ned,hombres,género
newt,hombres,género
newton,hombres,género
niall,hombres,género
nicholas,hombres,género
nick,hombres,género
nigel,hombres,género
noah,hombres,género
noel,hombres,género
nolan,hombres,género
norman,hombres,género
nowell,hombres,género
oliver,hombres,género
ollie,hombres,género
osbert,hombres,género
osric,hombres,género
oswald,hombres,género
otis,hombres,género
otto,hombres,género
owen,hombres,género
paddy,hombres,género
palmer,hombres,género
paris,hombres,género
patrick,hombres,género
patsy,hombres,género
patty,hombres,género
peleg,hombres,género
percival,hombres,género
percy,hombres,género
perry,hombres,género
pete,hombres,género
peter,hombres,género
philip,hombres,género
phillipps,hombres,género
phineas,hombres,género
poe,hombres,género
preston,hombres,género
quentin,hombres,género
rafe,hombres,género
raife,hombres,género
ralph,hombres,género
ralphie,hombres,género
ramsey,hombres,género
randall,hombres,género
randolph,hombres,género
randy,hombres,género
rathbone,hombres,género
ray,hombres,género
raymond,hombres,género
reggie,hombres,género
reginald,hombres,género
rembrandt,hombres,género
rendell,hombres,género
renssalaer,hombres,género
reuben,hombres,género
rex,hombres,género
reynold,hombres,género
rich,hombres,género
richard,hombres,género
richie,hombres,género
rick,hombres,género
ricky,hombres,género
riley,hombres,género
rob,hombres,género
robbie,hombres,género
robert,hombres,género
robin,hombres,género
roderick,hombres,género
rodger,hombres,género
rodney,hombres,género
rogers,hombres,género
ron,hombres,género
ronald,hombres,género
ronnie,hombres,género
roscoe,hombres,género
ross,hombres,género
rowland,hombres,género
rudolph,hombres,género
rudy,hombres,género
rufus,hombres,género
rupert,hombres,género
russell,hombres,género
ryan,hombres,género
sam,hombres,género
sammy,hombres,género
sanford,hombres,género
sawyer,hombres,género
scott,hombres,género
scottie,hombres,género
sean,hombres,género
sebastian,hombres,género
seth,hombres,género
shane,hombres,género
shannon,hombres,género
shaun,hombres,género
shawn,hombres,género
shayne,hombres,género
sid,hombres,género
sidney,hombres,género
sigmund,hombres,género
simon,hombres,género
skyler,hombres,género
spencer,hombres,género
stan,hombres,género
stanford,hombres,género
stanley,hombres,género
stefan,hombres,género
stephen,hombres,género
steve,hombres,género
stevie,hombres,género
stewart,hombres,género
stuart,hombres,género
swaine,hombres,género
syd,hombres,género
sydney,hombres,género
sylvester,hombres,género
tanner,hombres,género
taran,hombres,género
tate,hombres,género
taylor,hombres,género
tazewell,hombres,género
ted,hombres,género
teddy,hombres,género
terence,hombres,género
terry,hombres,género
thaddeus,hombres,género
theo,hombres,género
theodore,hombres,género
thomas,hombres,género
tim,hombres,género
timmy,hombres,género
timothy,hombres,género
tobias,hombres,género
tod,hombres,género
todd,hombres,género
toddy,hombres,género
tom,hombres,género
tommie,hombres,género
tony,hombres,género
tracy,hombres,género
travis,hombres,género
trent,hombres,género
trevor,hombres,género
tristan,hombres,género
trotsky,hombres,género
troy,hombres,género
tucker,hombres,género
tyler,hombres,género
tyrone,hombres,género
tyson,hombres,género
ultan,hombres,género
ulysses,hombres,género
uriah,hombres,género
val,hombres,género
valentine,hombres,género
vic,hombres,género
vicary,hombres,género
victor,hombres,género
vince,hombres,género
vincent,hombres,género
vinny,hombres,género
vivian,hombres,género
wadsworth,hombres,género
walden,hombres,género
waldo,hombres,género
wally,hombres,género
walt,hombres,género
walter,hombres,género
waverly,hombres,género
wayne,hombres,género
wes,hombres,género
wesley,hombres,género
whitney,hombres,género
wilber,hombres,género
wilbert,hombres,género
wilbur,hombres,género
wilf,hombres,género
wilfred,hombres,género
wilfried,hombres,género
wilhelm,hombres,género
will,hombres,género
willard,hombres,género
willy,hombres,género
wilmon,hombres,género
wilson,hombres,género
winnie,hombres,género
winston,hombres,género
wolfgang,hombres,género
woodrow,hombres,género
woodruff,hombres,género
woody,hombres,género
wyatt,hombres,género
wyndham,hombres,género
xander,hombres,género
xavier,hombres,género
zachary,hombres,género
zack,hombres,género
zadoc,hombres,género
zayden,hombres,género
zeb,hombres,género
zechariah,hombres,género
zeke,hombres,género
adrien,hombres,género
alton,hombres,género
alvy,hombres,género
amory,hombres,género
artie,hombres,género
ashley,hombres,género
aulay,hombres,género
auley,hombres,género
auliffe,hombres,género
awley,hombres,género
banastre,hombres,género
barton,hombres,género
berry,hombres,género
bibb,hombres,género
borlase,hombres,género
brendan,hombres,género
brennan,hombres,género
bret,hombres,género
brett,hombres,género
buell,hombres,género
burgess,hombres,género
burt,hombres,género
calum,hombres,género
cathal,hombres,género
charlton,hombres,género
chrissy,hombres,género
clarrie,hombres,género
conn,hombres,género
corin,hombres,género
cormac,hombres,género
crane,hombres,género
dane,hombres,género
darroll,hombres,género
demarcus,hombres,género
deorwine,hombres,género
derwin,hombres,género
deshaun,hombres,género
deshawn,hombres,género
dillon,hombres,género
doak,hombres,género
donovan,hombres,género
dorsey,hombres,género
duane,hombres,género
eamonn,hombres,género
eunan,hombres,género
gawen,hombres,género
greig,hombres,género
grover,hombres,género
gussie,hombres,género
haddon,hombres,género
hamish,hombres,género
haskell,hombres,género
herbie,hombres,género
holden,hombres,género
horrie,hombres,género
iggy,hombres,género
japie,hombres,género
jeffy,hombres,género
johnnie,hombres,género
kallen,hombres,género
kellan,hombres,género
kenyon,hombres,género
kip,hombres,género
kyler,hombres,género
lachlan,hombres,género
lafe,hombres,género
lamar,hombres,género
lawrie,hombres,género
layton,hombres,género
livingston,hombres,género
livingstone,hombres,género
lucius,hombres,género
luman,hombres,género
lister,hombres,género
mal,hombres,género
marston,hombres,género
mckay,hombres,género
merton,hombres,género
montie,hombres,género
mordaunt,hombres,género
morrie,hombres,género
morris,hombres,género
mungo,hombres,género
odell,hombres,género
onslow,hombres,género
ossian,hombres,género
parry,hombres,género
quinton,hombres,género
quintus,hombres,género
ranald,hombres,género
randel,hombres,género
randell,hombres,género
randi,hombres,género
randolf,hombres,género
ranulf,hombres,género
raven,hombres,género
roddie,hombres,género
roddy,hombres,género
rollen,hombres,género
royal,hombres,género
russ,hombres,género
shel,hombres,género
sorley,hombres,género
spence,hombres,género
torquil,hombres,género
trae,hombres,género
ulick,hombres,género
van,hombres,género
vernon,hombres,género
virgil,hombres,género
walton,hombres,género
wilder,hombres,género
willoughby,hombres,género
wilmot,hombres,género
wynton,hombres,género
aimar,hombres,género
antolin,hombres,género
antton,hombres,género
antxon,hombres,género
asier,hombres,género
beñat,hombres,género
eneko,hombres,género
gaizka,hombres,género
gorka,hombres,género
gotzon,hombres,género
ibai,hombres,género
imanol,hombres,género
iñaki,hombres,género
josetxu,hombres,género
karlo,hombres,género
karlos,hombres,género
karol,hombres,género
koldo,hombres,género
patxi,hombres,género
txiki,hombres,género
unai,hombres,género
urtzi,hombres,género
achim,hombres,género
adelbert,hombres,género
albrecht,hombres,género
alois,hombres,género
alwin,hombres,género
ansgar,hombres,género
anthon,hombres,género
anton,hombres,género
aribert,hombres,género
armin,hombres,género
arndt,hombres,género
arno,hombres,género
arnulf,hombres,género
artur,hombres,género
arved,hombres,género
arvin,hombres,género
aurick,hombres,género
baldur,hombres,género
bastian,hombres,género
beat,hombres,género
berengar,hombres,género
bernd,hombres,género
bjorn,hombres,género
bodo,hombres,género
carolus,hombres,género
christof,hombres,género
christoph,hombres,género
clemens,hombres,género
dagobert,hombres,género
detlef,hombres,género
detlev,hombres,género
diederich,hombres,género
diedrich,hombres,género
diepold,hombres,género
dieter,hombres,género
dieterich,hombres,género
dietmar,hombres,género
dietrich,hombres,género
egbert,hombres,género
egon,hombres,género
ehren,hombres,género
eibert,hombres,género
eike,hombres,género
eilhard,hombres,género
eitel,hombres,género
ekkehard,hombres,género
elimar,hombres,género
elmar,hombres,género
emmerich,hombres,género
engelbert,hombres,género
erhard,hombres,género
ernst,hombres,género
ewald,hombres,género
ferdinand,hombres,género
florian,hombres,género
franz,hombres,género
fredrik,hombres,género
fridolf,hombres,género
fridolin,hombres,género
friedemann,hombres,género
friedrich,hombres,género
fritz,hombres,género
garibald,hombres,género
gebhard,hombres,género
georg,hombres,género
gerd,hombres,género
gerhard,hombres,género
gerhardt,hombres,género
gerhold,hombres,género
germar,hombres,género
gernot,hombres,género
gert,hombres,género
gerwin,hombres,género
giselbert,hombres,género
giselher,hombres,género
gottfried,hombres,género
gottlob,hombres,género
gottschalk,hombres,género
götz,hombres,género
gunther,hombres,género
günther,hombres,género
gustl,hombres,género
hanno,hombres,género
hans,hombres,género
hans-ulrich,hombres,género
hansjörg,hombres,género
harald,hombres,género
hasso,hombres,género
hauke,hombres,género
heiko,hombres,género
hein,hombres,género
heine,hombres,género
heiner,hombres,género
heini,hombres,género
heino,hombres,género
heinrich,hombres,género
helge,hombres,género
hellmuth,hombres,género
helmut,hombres,género
helmuth,hombres,género
henning,hombres,género
heribert,hombres,género
hermann,hombres,género
herwig,hombres,género
holger,hombres,género
horst,hombres,género
hubertus,hombres,género
ignatz,hombres,género
ignaz,hombres,género
jakob,hombres,género
jan,hombres,género
jannik,hombres,género
joachim-friedrich,hombres,género
johannes,hombres,género
jörg,hombres,género
josef,hombres,género
jost,hombres,género
jupp,hombres,género
jürgen,hombres,género
kalli,hombres,género
karl-heinz,hombres,género
karlheinz,hombres,género
karsten,hombres,género
kaspar,hombres,género
kepler,hombres,género
klaus,hombres,género
klaus-peter,hombres,género
klemens,hombres,género
knut,hombres,género
konrad,hombres,género
kuno,hombres,género
kurd,hombres,género
lars,hombres,género
levin,hombres,género
lorentz,hombres,género
lotar,hombres,género
lothar,hombres,género
ludger,hombres,género
ludolf,hombres,género
ludwig,hombres,género
luitpold,hombres,género
lukas,hombres,género
lütold,hombres,género
lutz,hombres,género
malte,hombres,género
marius,hombres,género
matthias,hombres,género
medard,hombres,género
meinrad,hombres,género
michel,hombres,género
mirco,hombres,género
moritz,hombres,género
nico,hombres,género
nicolaus,hombres,género
nivaldo,hombres,género
norbert,hombres,género
othmar,hombres,género
ottomar,hombres,género
pascal,hombres,género
philipp,hombres,género
raimund,hombres,género
reinhard,hombres,género
reinhardt,hombres,género
reinhart,hombres,género
reinhold,hombres,género
rocco,hombres,género
rolf,hombres,género
rubert,hombres,género
rüdiger,hombres,género
ruprecht,hombres,género
sander,hombres,género
sascha,hombres,género
sepp,hombres,género
severin,hombres,género
siegfried,hombres,género
sigismund,hombres,género
sven,hombres,género
theobald,hombres,género
theodor,hombres,género
tiedemann,hombres,género
tilman,hombres,género
timo,hombres,género
traugott,hombres,género
udo,hombres,género
ulrich,hombres,género
urban,hombres,género
utto,hombres,género
valter,hombres,género
veit,hombres,género
vincenz,hombres,género
vinzenz,hombres,género
vollrath,hombres,género
waldemar,hombres,género
walther,hombres,género
wenzel,hombres,género
werner,hombres,género
wernher,hombres,género
willi,hombres,género
winfried,hombres,género
wolf,hombres,género
wolfram,hombres,género
wulfhelm,hombres,género
yannik,hombres,género
mohammad,hombres,género
ali,hombres,género
abdul,hombres,género
imran,hombres,género
usman,hombres,género
shahid,hombres,género
ahmed,hombres,género
ghulam,hombres,género
faisal,hombres,género
sukhwinder,hombres,género
sandeep,hombres,género
harpreet,hombres,género
jaswinder,hombres,género
balwinder,hombres,género
mandeep,hombres,género
amandeep,hombres,género
manpreet,hombres,género
ranjit,hombres,género
reynaldo,hombres,género
hao,hombres,género
jie,hombres,género
jun,hombres,género
feng,hombres,género
jiahao,hombres,género
yong,hombres,género
jian,hombres,género
vilches,hombres,género
mendieta,hombres,género
rubén,hombres,género
guilherme,hombres,género
mamadou,hombres,género
ibrahim,hombres,género
abdoulaye,hombres,género
ousmane,hombres,género
moussa,hombres,género
cheikh,hombres,género
modou,hombres,género
moustapha,hombres,género
amadou,hombres,género
sarriol,hombres,género
lamine,hombres,género
lucky,hombres,género
kingsley,hombres,género
sunday,hombres,género
mohammed,hombres,género
ingvar,hombres,género
youssef,hombres,género
said,hombres,género
rachid,hombres,género
mustapha,hombres,género
adama,hombres,género
mahamadou,hombres,género
bakary,hombres,género
modibo,hombres,género
oumar,hombres,género
makan,hombres,género
issa,hombres,género
diosdado,hombres,género
ebrima,hombres,género
musa,hombres,género
lamin,hombres,género
ousman,hombres,género
muhamadou,hombres,género
abdoulie,hombres,género
sulayman,hombres,género
abdelkader,hombres,género
youcef,hombres,género
brahim,hombres,género
nil,hombres,género
àlex,hombres,género
álex,hombres,género
martí,hombres,género
biel,hombres,género
pau,hombres,género
èric,hombres,género
éric,hombres,género
arnau,hombres,género
llorenç,hombres,género
aleix,hombres,género
roc,hombres,género
amy,mujeres,género
ángela,mujeres,género
annette,mujeres,género
malinche,mujeres,género
carla,mujeres,género
cecilia,mujeres,género
diane,mujeres,género
emily,mujeres,género
elisa,mujeres,género
fátima,mujeres,género
inesita,mujeres,género
lea,mujeres,género
frasquita,mujeres,género
frasca,mujeres,género
catrina,mujeres,género
chavela,mujeres,género
carmela,mujeres,género
frida,mujeres,género
tina,mujeres,género
laura,mujeres,género
matilde,mujeres,género
margarita,mujeres,género
marga,mujeres,género
marina,mujeres,género
martha,mujeres,género
juana,mujeres,género
nuria,mujeres,género
laia,mujeres,género
mónica,mujeres,género
vanesa,mujeres,género
fernande,mujeres,género
fuensanta,mujeres,género
conchita,mujeres,género
conchi,mujeres,género
catherine,mujeres,género
brigitte,mujeres,género
lola,mujeres,género
isabela,mujeres,género
loli,mujeres,género
lidia,mujeres,género
lydia,mujeres,género
angeles,mujeres,género
marcelle,mujeres,género
maybrit,mujeres,género
eva,mujeres,género
gertrude,mujeres,género
julia,mujeres,género
olga,mujeres,género
pepa,mujeres,género
simone,mujeres,género
maya,mujeres,género
marie,mujeres,género
macarena,mujeres,género
pamela,mujeres,género
raquel,mujeres,género
dora,mujeres,género
françoise,mujeres,género
theodora,mujeres,género
clotilde,mujeres,género
graciela,mujeres,género
yolanda,mujeres,género
abigaíl,mujeres,género
ada,mujeres,género
adela,mujeres,género
adelaida,mujeres,género
áditi,mujeres,género
adoración,mujeres,género
adriana,mujeres,género
áfrica,mujeres,género
aglaé,mujeres,género
agripina,mujeres,género
águeda,mujeres,género
ai,mujeres,género
aída,mujeres,género
ailén,mujeres,género
ainhoa,mujeres,género
aitana,mujeres,género
aitziber,mujeres,género
alaksmí,mujeres,género
alba,mujeres,género
alejandra,mujeres,género
alena,mujeres,género
alessandra,mujeres,género
alicia,mujeres,género
alida,mujeres,género
almudena,mujeres,género
aloïse,mujeres,género
altagracia,mujeres,género
amalia,mujeres,género
amanda,mujeres,género
amaranta,mujeres,género
amatallah,mujeres,género
amaya,mujeres,género
ambá,mujeres,género
amelia,mujeres,género
amparo,mujeres,género
ana,mujeres,género
belen,mujeres,género
ana isabel,mujeres,género
ana maria,mujeres,género
ana maría,mujeres,género
anahí,mujeres,género
anastasia,mujeres,género
angela,mujeres,género
ángeles,mujeres,género
angélica,mujeres,género
angelina,mujeres,género
angustias,mujeres,género
anneliese,mujeres,género
antonella,mujeres,género
antonia,mujeres,género
anunciación,mujeres,género
apsará,mujeres,género
araceli,mujeres,género
aránzazu,mujeres,género
ariadna,mujeres,género
arminda,mujeres,género
arundhati,mujeres,género
astrid,mujeres,género
asunción,mujeres,género
aurora,mujeres,género
axa,mujeres,género
ayelén,mujeres,género
ayodhya,mujeres,género
azahara,mujeres,género
azucena,mujeres,género
bárbara,mujeres,género
beatrice,mujeres,género
beatrix,mujeres,género
beatriz,mujeres,género
begoña,mujeres,género
belén,mujeres,género
belinda,mujeres,género
berenguela,mujeres,género
berenice,mujeres,género
bernie,mujeres,género
berta,mujeres,género
betsabé,mujeres,género
bianca,mujeres,género
blanca,mujeres,género
blasa,mujeres,género
bogna,mujeres,género
bogumila,mujeres,género
bożena,mujeres,género
brígida,mujeres,género
briseida,mujeres,género
camila,mujeres,género
candelaria,mujeres,género
caridad,mujeres,género
carmelita,mujeres,género
carmen,mujeres,género
carmina,mujeres,género
carol,mujeres,género
carolina,mujeres,género
casandra,mujeres,género
casia,mujeres,género
catalina,mujeres,género
celia,mujeres,género
chandra,mujeres,género
chloe,mujeres,género
chloé,mujeres,género
cilia,mujeres,género
cintia,mujeres,género
citlalli,mujeres,género
clara,mujeres,género
clarissa,mujeres,género
claudia,mujeres,género
clementina,mujeres,género
cleopatra,mujeres,género
cloe,mujeres,género
colette,mujeres,género
concepcion,mujeres,género
concepción,mujeres,género
consolación,mujeres,género
constanza,mujeres,género
consuelo,mujeres,género
covadonga,mujeres,género
cristal,mujeres,género
cristina,mujeres,género
cunegunda,mujeres,género
cynthia,mujeres,género
dafne,mujeres,género
dámaris,mujeres,género
daniela,mujeres,género
danijel,mujeres,género
danu,mujeres,género
débora,mujeres,género
delia,mujeres,género
delilah,mujeres,género
demetria,mujeres,género
denise,mujeres,género
devájuti,mujeres,género
devakī,mujeres,género
deyanira,mujeres,género
dharani,mujeres,género
diana,mujeres,género
diti,mujeres,género
dolores,mujeres,género
dorcas,mujeres,género
dorotea,mujeres,género
draupadi,mujeres,género
edurne,mujeres,género
eiko,mujeres,género
eleanor,mujeres,género
elena,mujeres,género
elizabeth,mujeres,género
eloísa,mujeres,género
elsa,mujeres,género
elvira,mujeres,género
emilia,mujeres,género
emma,mujeres,género
encarnacion,mujeres,género
engracia,mujeres,género
enriqueta,mujeres,género
erika,mujeres,género
erin,mujeres,género
escarlata,mujeres,género
esperanza,mujeres,género
estefanía,mujeres,género
estela,mujeres,género
ester,mujeres,género
esther,mujeres,género
estrella,mujeres,género
eudoxia,mujeres,género
éunice,mujeres,género
fanny,mujeres,género
fatima,mujeres,género
felicidad,mujeres,género
felícitas,mujeres,género
fernanda,mujeres,género
fiorella,mujeres,género
flora,mujeres,género
florencia,mujeres,género
florentina,mujeres,género
francina,mujeres,género
francisca,mujeres,género
freya,mujeres,género
gabriela,mujeres,género
gema,mujeres,género
genoveva,mujeres,género
georgina,mujeres,género
germana,mujeres,género
gertrudis,mujeres,género
ginebra,mujeres,género
giovanna,mujeres,género
gisela,mujeres,género
gloria,mujeres,género
gopi,mujeres,género
gracia,mujeres,género
guna,mujeres,género
harriet,mujeres,género
haydée,mujeres,género
helga,mujeres,género
herminia,mujeres,género
hermione,mujeres,género
hilda,mujeres,género
hildegarda,mujeres,género
hitomi,mujeres,género
holi,mujeres,género
hortensia,mujeres,género
hosanna,mujeres,género
iaksi,mujeres,género
iashodá,mujeres,género
idoya,mujeres,género
imelda,mujeres,género
imogen,mujeres,género
ines,mujeres,género
inés,mujeres,género
ingeborg,mujeres,género
ingrid,mujeres,género
inmaculada,mujeres,género
iratxe,mujeres,género
irene,mujeres,género
iria,mujeres,género
iris,mujeres,género
isabel,mujeres,género
isidora,mujeres,género
itziar,mujeres,género
izaro,mujeres,género
jadwiga,mujeres,género
jael,mujeres,género
javiera,mujeres,género
jeanette,mujeres,género
jelena,mujeres,género
jessica,mujeres,género
jimena,mujeres,género
josefa,mujeres,género
jovita,mujeres,género
judit,mujeres,género
julieta,mujeres,género
kaede,mujeres,género
kali,mujeres,género
kalpa,mujeres,género
kámala,mujeres,género
kamalátmika,mujeres,género
karen,mujeres,género
keila,mujeres,género
kira,mujeres,género
kirara,mujeres,género
kumiko,mujeres,género
kundalini,mujeres,género
kuntí,mujeres,género
leila,mujeres,género
leilani,mujeres,género
leire,mujeres,género
leocadia,mujeres,género
leonora,mujeres,género
leticia,mujeres,género
liberata,mujeres,género
liliana,mujeres,género
llacolén,mujeres,género
lorena,mujeres,género
lourdes,mujeres,género
lucia,mujeres,género
lucía,mujeres,género
luciana,mujeres,género
ludmila,mujeres,género
luz,mujeres,género
mabel,mujeres,género
magali,mujeres,género
magdalena,mujeres,género
maite,mujeres,género
majo,mujeres,género
malena,mujeres,género
małgorzata,mujeres,género
malinalli,mujeres,género
manasá,mujeres,género
mantra,mujeres,género
manuela,mujeres,género
marcelina,mujeres,género
margaret,mujeres,género
margherita,mujeres,género
marguerite,mujeres,género
maria,mujeres,género
maría,mujeres,género
mariana,mujeres,género
marianne,mujeres,género
maribel,mujeres,género
mariel,mujeres,género
mariela,mujeres,género
marjorie,mujeres,género
marta,mujeres,género
martina,mujeres,género
matrikas,mujeres,género
máxima,mujeres,género
megumi,mujeres,género
melania,mujeres,género
melisa,mujeres,género
ménaka,mujeres,género
mencía,mujeres,género
mercedes,mujeres,género
meritxell,mujeres,género
mia,mujeres,género
micaela,mujeres,género
michaela,mujeres,género
michelle,mujeres,género
mila,mujeres,género
milca,mujeres,género
mildred,mujeres,género
milena,mujeres,género
millaray,mujeres,género
miranda,mujeres,género
mireya,mujeres,género
miriam,mujeres,género
mirta,mujeres,género
mirtha,mujeres,género
miyuki,mujeres,género
monica,mujeres,género
montserrat,mujeres,género
muriel,mujeres,género
nadezhda,mujeres,género
nadia,mujeres,género
naga,mujeres,género
nahia,mujeres,género
nancy,mujeres,género
natalia,mujeres,género
natasha,mujeres,género
nayra,mujeres,género
nerea,mujeres,género
nicole,mujeres,género
nikté,mujeres,género
níriti,mujeres,género
noelia,mujeres,género
noemí,mujeres,género
norma,mujeres,género
ofelia,mujeres,género
olinta,mujeres,género
olivia,mujeres,género
ophelia,mujeres,género
oswaldo,mujeres,género
paloma,mujeres,género
paola,mujeres,género
parvati,mujeres,género
patricia,mujeres,género
patrizia,mujeres,género
paula,mujeres,género
paulina,mujeres,género
paz,mujeres,género
petra,mujeres,género
pilar,mujeres,género
prakriti,mujeres,género
presentación,mujeres,género
pritiví,mujeres,género
purificación,mujeres,género
radha,mujeres,género
rafaela,mujeres,género
rajasuya,mujeres,género
rambha,mujeres,género
rayén,mujeres,género
rebeca,mujeres,género
rebekah,mujeres,género
richa,mujeres,género
rita,mujeres,género
rocio,mujeres,género
rocío,mujeres,género
ronja,mujeres,género
rosa,mujeres,género
rosalba,mujeres,género
rosalía,mujeres,género
rosalinda,mujeres,género
rufina,mujeres,género
rut,mujeres,género
sabrina,mujeres,género
sadako,mujeres,género
sakti,mujeres,género
salma,mujeres,género
samhita,mujeres,género
sāṃkhya,mujeres,género
sandra,mujeres,género
santa úrsula,mujeres,género
sara,mujeres,género
saramá,mujeres,género
saraniú,mujeres,género
sarasvati,mujeres,género
satiá bhama,mujeres,género
sattva,mujeres,género
selene,mujeres,género
serena,mujeres,género
setefilla,mujeres,género
shakha,mujeres,género
shakira,mujeres,género
shakuntalá,mujeres,género
shamsa,mujeres,género
shirin,mujeres,género
sigrid,mujeres,género
silvia,mujeres,género
sinéad,mujeres,género
sinivalí,mujeres,género
sita,mujeres,género
sofia,mujeres,género
sofía,mujeres,género
sonia,mujeres,género
soraya,mujeres,género
suargá,mujeres,género
subhadrá,mujeres,género
sulamita,mujeres,género
susana,mujeres,género
taciana,mujeres,género
talía,mujeres,género
tamar,mujeres,género
tamara,mujeres,género
tania,mujeres,género
tara,mujeres,género
tatiana,mujeres,género
teodora,mujeres,género
teresa,mujeres,género
thais,mujeres,género
triana,mujeres,género
uliana,mujeres,género
úrsula,mujeres,género
urvashí,mujeres,género
ute,mujeres,género
valentina,mujeres,género
valeria,mujeres,género
valme,mujeres,género
vanessa,mujeres,género
vasilisa,mujeres,género
vega,mujeres,género
vera,mujeres,género
veronica,mujeres,género
vero,mujeres,género
verónica,mujeres,género
vicenta,mujeres,género
victoria,mujeres,género
violante,mujeres,género
virginia,mujeres,género
wendy,mujeres,género
xiomara,mujeres,género
xóchitl,mujeres,género
yambavati,mujeres,género
yasna,mujeres,género
yólotl,mujeres,género
yuko,mujeres,género
zlata,mujeres,género
zoe,mujeres,género
zoraida,mujeres,género
zulema,mujeres,género
agustina,mujeres,género
aida,mujeres,género
alma,mujeres,género
anabel,mujeres,género
andreina,mujeres,género
anita,mujeres,género
bettina,mujeres,género
blanche,mujeres,género
cari,mujeres,género
carina,mujeres,género
carlota,mujeres,género
carlotta,mujeres,género
chara,mujeres,género
christina,mujeres,género
eliana,mujeres,género
eugenia,mujeres,género
flavia,mujeres,género
garbiñe,mujeres,género
guiomar,mujeres,género
helena,mujeres,género
ignacia,mujeres,género
ileana,mujeres,género
ilona,mujeres,género
inez,mujeres,género
isa,mujeres,género
isabella,mujeres,género
ivette,mujeres,género
ivet,mujeres,género
ivonne,mujeres,género
jacin,mujeres,género
jacqueline,mujeres,género
joaquina,mujeres,género
josefina,mujeres,género
justina,mujeres,género
karina,mujeres,género
lana,mujeres,género
lara,mujeres,género
lena,mujeres,género
luisa,mujeres,género
lupe,mujeres,género
lupita,mujeres,género
mara,mujeres,género
marcela,mujeres,género
marisa,mujeres,género
marisela,mujeres,género
marisol,mujeres,género
marlene,mujeres,género
maru,mujeres,género
maruja,mujeres,género
maura,mujeres,género
melina,mujeres,género
merilyn,mujeres,género
milagros,mujeres,género
morena,mujeres,género
nazaret,mujeres,género
nena,mujeres,género
núria,mujeres,género
pierina,mujeres,género
purita,mujeres,género
ramona,mujeres,género
rosalia,mujeres,género
samara,mujeres,género
silvina,mujeres,género
soledad,mujeres,género
sophia,mujeres,género
tomasa,mujeres,género
tona,mujeres,género
tonia,mujeres,género
urraca,mujeres,género
vilma,mujeres,género
viola,mujeres,género
violeta,mujeres,género
viridiana,mujeres,género
yanet,mujeres,género
yazmin,mujeres,género
aina,mujeres,género
dolors,mujeres,género
georgiana,mujeres,género
merche,mujeres,género
mercé,mujeres,género
mireia,mujeres,género
montse,mujeres,género
queralt,mujeres,género
violant,mujeres,género
xenia,mujeres,género
anastase,mujeres,género
arantxa,mujeres,género
erlea,mujeres,género
haizea,mujeres,género
june,mujeres,género
oihane,mujeres,género
uxue,mujeres,género
sabine,mujeres,género
susanne,mujeres,género
monika,mujeres,género
karin,mujeres,género
ursula,mujeres,género
nathalie,mujeres,género
caroline,mujeres,género
veronique,mujeres,género
marie louise,mujeres,género
isabelle,mujeres,género
sarah,mujeres,género
sophie,mujeres,género
mariya,mujeres,género
ivanka,mujeres,género
desislava,mujeres,género
silviya,mujeres,género
galina,mujeres,género
petya,mujeres,género
stephanie,mujeres,género
sylvie,mujeres,género
mary,mujeres,género
deirdre,mujeres,género
ann,mujeres,género
francesca,mujeres,género
giulia,mujeres,género
chiara,mujeres,género
kristina,mujeres,género
lina,mujeres,género
jurgita,mujeres,género
viktorija,mujeres,género
daiva,mujeres,género
inga,mujeres,género
rasa,mujeres,género
egle,mujeres,género
irina,mujeres,género
svetlana,mujeres,género
kari,mujeres,género
nina,mujeres,género
elisabeth,mujeres,género
marit,mujeres,género
turid,mujeres,género
anne,mujeres,género
wenche,mujeres,género
berit,mujeres,género
johanna,mujeres,género
yvonne,mujeres,género
johanna,mujeres,género
monique,mujeres,género
cornelia,mujeres,género
anna,mujeres,género
agnieszka,mujeres,género
katarzyna,mujeres,género
katie,mujeres,género
malgorzata,mujeres,género
joanna,mujeres,género
ewa,mujeres,género
susan,mujeres,género
christine,mujeres,género
linda,mujeres,género
janet,mujeres,género
mihaela,mujeres,género
nicoleta,mujeres,género
ioana,mujeres,género
ekaterina,mujeres,género
ruth,mujeres,género
verena,mujeres,género
heidi,mujeres,género
rosmarie,mujeres,género
iryna,mujeres,género
olena,mujeres,género
oksana,mujeres,género
svitlana,mujeres,género
nataliya,mujeres,género
tetyana,mujeres,género
olha,mujeres,género
halyna,mujeres,género
tetiana,mujeres,género
fatoumata,mujeres,género
joy,mujeres,género
fatou,mujeres,género
mariam,mujeres,género
aminata,mujeres,género
awa,mujeres,género
oumou,mujeres,género
hawa,mujeres,género
djeneba,mujeres,género
kadiatou,mujeres,género
fanta,mujeres,género
maimouna,mujeres,género
khadija,mujeres,género
aicha,mujeres,género
naima,mujeres,género
fatiha,mujeres,género
aya,mujeres,género
malika,mujeres,género
hanane,mujeres,género
blessing,mujeres,género
faith,mujeres,género
juliet,mujeres,género
mercy,mujeres,género
loveth,mujeres,género
patience,mujeres,género
aissatou,mujeres,género
khady,mujeres,género
mariama,mujeres,género
seynabou,mujeres,género
roxana,mujeres,género
juliana,mujeres,género
renata,mujeres,género
aline,mujeres,género
angelica,mujeres,género
lisandra,mujeres,género
yadira,mujeres,género
dayana,mujeres,género
yaima,mujeres,género
ana lucia,mujeres,género
diana carolina,mujeres,género
mariana jesus,mujeres,género
jennifer,mujeres,género
sarah elizabeth,mujeres,género
karla,mujeres,género
zunilda,mujeres,género
santa,mujeres,género
maria alejandra,mujeres,género
maria gabriela,mujeres,género
jing,mujeres,género
yan,mujeres,género
ying,mujeres,género
xinyi,mujeres,género
jie,mujeres,género
xiaoyan,mujeres,género
jiayi,mujeres,género
lili,mujeres,género
josephine,mujeres,género
maricel,mujeres,género
rowena,mujeres,género
jocelyn,mujeres,género
marilyn,mujeres,género
evelyn,mujeres,género
saima,mujeres,género
shazia,mujeres,género
sadia,mujeres,género
maryam,mujeres,género
bushra,mujeres,género
nazia,mujeres,género
zainab,mujeres,género
júlia,mujeres,género
julia,mujeres,género
ona,mujeres,género
abril,mujeres,género
noa,mujeres,género
arlet,mujeres,género
jana,mujeres,género
chlóe,mujeres,género
lia,mujeres,género
lía,mujeres,género
clàudia,mujeres,género
abogados,hombres,género
acomodadores,hombres,género
actores,hombres,género
administradores,hombres,género
aficionados,hombres,género
agricultores,hombres,género
ahijados,hombres,género
alabarderos,hombres,género
alcaldes,hombres,género
ancianos,hombres,género
anfitriones,hombres,género
aradores,hombres,género
arquitectos,hombres,género
arrendatarios,hombres,género
arrieros,hombres,género
artilleros,hombres,género
asesinos,hombres,género
asesores,hombres,género
aviadores,hombres,género
bailarines,hombres,género
barqueros,hombres,género
barrenderos,hombres,género
basureros,hombres,género
braceros,hombres,género
bribones,hombres,género
caballeros,hombres,género
cabreros,hombres,género
camareros,hombres,género
canallas,hombres,género
capataces,hombres,género
casanovas,hombres,género
cazadores,hombres,género
chambelanes,hombres,género
charlatanes,hombres,género
chicos,hombres,género
chinos,hombres,género
chiquillos,hombres,género
científicos,hombres,género
ciudadanos,hombres,género
colegiales,hombres,género
compañeros,hombres,género
compradores,hombres,género
conductores,hombres,género
conquistadores,hombres,género
conservadores,hombres,género
constructores,hombres,género
cornudos,hombres,género
corsarios,hombres,género
coyotes,hombres,género
cuidadores,hombres,género
dandis,hombres,género
defensores,hombres,género
desguazadores,hombres,género
deshollinadores,hombres,género
desolladores,hombres,género
directores,hombres,género
diseñadores,hombres,género
divorciados,hombres,género
doctores,hombres,género
duendes,hombres,género
empleados,hombres,género
enamorados,hombres,género
encargados,hombres,género
escardadores,hombres,género
esclavos,hombres,género
espigadores,hombres,género
esposos,hombres,género
estibadores,hombres,género
eunucos,hombres,género
examinadores,hombres,género
fanfarrónes,hombres,género
farmacéuticos,hombres,género
fisgónes,hombres,género
gallitos,hombres,género
generalísimos,hombres,género
gitanos,hombres,género
golfillos,hombres,género
golfos,hombres,género
granjeros,hombres,género
granujas,hombres,género
guardiánes,hombres,género
hermanos,hombres,género
hermanitos,hombres,género
hijos,hombres,género
hombreses,hombreses,género
huérfanos,hombres,género
húsares,hombres,género
infiltrados,hombres,género
ingenieros,hombres,género
inquilinos,hombres,género
inspectores,hombres,género
instructores,hombres,género
investigadores,hombres,género
jefes,hombres,género
jeques,hombres,género
jornaleros,hombres,género
juezes,hombres,género
labriegos,hombres,género
ladrones,hombres,género
leñadores,hombres,género
limpiadores,hombres,género
machos,hombres,género
maestros,hombres,género
mamones,hombres,género
maridos,hombres,género
marineros,hombres,género
matónes,hombres,género
mayordomos,hombres,género
mineros,hombres,género
mirones,hombres,género
mozos,hombres,género
médicos,hombres,género
negros,hombres,género
niños,hombres,género
niñatos,hombres,género
novios,hombres,género
pastores,hombres,género
patriarcas,hombres,género
patrones,hombres,género
patanes,hombres,género
peregrinos,hombres,género
petimetres,hombres,género
peones,hombres,género
pintores,hombres,género
pioneros,hombres,género
polígamos,hombres,género
porqueros,hombres,género
porteros,hombres,género
postuladores,hombres,género
presos,hombres,género
primos,hombres,género
prisioneros,hombres,género
profesores,hombres,género
propietarios,hombres,género
príncipes,hombres,género
puteros,hombres,género
pícaros,hombres,género
rastreadores,hombres,género
recaderos,hombres,género
recaudadores,hombres,género
recogedores,hombres,género
revisores,hombres,género
sabuesos,hombres,género
sacristanes,hombres,género
sansones,hombres,género
segadores,hombres,género
sepultureros,hombres,género
señores,hombres,género
sobrecargos,hombres,género
sobrinos,hombres,género
socios,hombres,género
solteros,hombres,género
sonámbulos,hombres,género
sres,hombres,género
srs,hombres,género
superintendentes,hombres,género
tarzánes,hombres,género
tendederos,hombres,género
terratenientes,hombres,género
timoneles,hombres,género
trabajadores,hombres,género
vejetes,hombres,género
vencedores,hombres,género
veteranos,hombres,género
veterinarios,hombres,género
vecinos,hombres,género
viejos,hombres,género
violadores,hombres,género
viudos,hombres,género
zagales,hombres,género
abogadas,mujeres,género
abuelas,mujeres,género
acomodadoras,mujeres,género
actrices,mujeres,género
administradoras,mujeres,género
aficionadas,mujeres,género
agricultoras,mujeres,género
ahijadas,mujeres,género
alcaldesas,mujeres,género
amas,mujeres,género
amadas,mujeres,género
amantes,mujeres,género
amigas,mujeres,género
ancianas,mujeres,género
anfitrionas,mujeres,género
animadoras,mujeres,género
arquitectas,mujeres,género
arrendatarias,mujeres,género
asesoras,mujeres,género
asistentas,mujeres,género
aviadoras,mujeres,género
azafatas,mujeres,género
bailarinas,mujeres,género
baronesas,mujeres,género
barrenderas,mujeres,género
cabreras,mujeres,género
camareras,mujeres,género
casadas,mujeres,género
cenicientas,mujeres,género
charlatanas,mujeres,género
chicas,mujeres,género
chinas,mujeres,género
chismosas,mujeres,género
científicas,mujeres,género
ciudadanas,mujeres,género
colegialas,mujeres,género
compañeras,mujeres,género
compradoras,mujeres,género
concubinas,mujeres,género
condesas,mujeres,género
conductoras,mujeres,género
conquistadoras,mujeres,género
cornudas,mujeres,género
cortesanas,mujeres,género
cuidadoras,mujeres,género
dalilas,mujeres,género
damas,mujeres,género
damiselas,mujeres,género
defensoras,mujeres,género
directoras,mujeres,género
diseñadoras,mujeres,género
divorciadas,mujeres,género
doctoras,mujeres,género
doncellas,mujeres,género
dulcineas,mujeres,género
duquesas,mujeres,género
embarazadas,mujeres,género
empleadas,mujeres,género
enamoradas,mujeres,género
encargadas,mujeres,género
enfermeras,mujeres,género
enviadas,mujeres,género
esclavas,mujeres,género
esposas,mujeres,género
examinadoras,mujeres,género
farmacéuticas,mujeres,género
fisgonas,mujeres,género
geishas,mujeres,género
gitanas,mujeres,género
granjeras,mujeres,género
guardianas,mujeres,género
hechiceras,mujeres,género
hermanas,mujeres,género
hermanastras,mujeres,género
hermanitas,mujeres,género
heroínas,mujeres,género
hijas,mujeres,género
huríes,mujeres,género
huérfanas,mujeres,género
infantas,mujeres,género
infiltradas,mujeres,género
ingenieras,mujeres,género
inquilinas,mujeres,género
inspectoras,mujeres,género
instructoras,mujeres,género
investigadoras,mujeres,género
jefas,mujeres,género
jequesas,mujeres,género
juezas,mujeres,género
ladronas,mujeres,género
lesbianas,mujeres,género
limpiadoras,mujeres,género
literatas,mujeres,género
lolitas,mujeres,género
maestras,mujeres,género
mamás,mujeres,género
marimachos,mujeres,género
marineras,mujeres,género
marquesas,mujeres,género
matriarcas,mujeres,género
matronas,mujeres,género
mestizas,mujeres,género
mineras,mujeres,género
mozas,mujeres,género
mucamas,mujeres,género
muchachas,mujeres,género
mujercitas,mujeres,género
mujerzuelas,mujeres,género
médicas,mujeres,género
negras,mujeres,género
ninfas,mujeres,género
niñas,mujeres,género
niñatas,mujeres,género
niñeras,mujeres,género
novias,mujeres,género
nulíparas,mujeres,género
odaliscas,mujeres,género
parteras,mujeres,género
pastoras,mujeres,género
peregrinas,mujeres,género
pintoras,mujeres,género
pioneras,mujeres,género
porqueras,mujeres,género
porteras,mujeres,género
presas,mujeres,género
primas,mujeres,género
primigrávidas,mujeres,género
princesas,mujeres,género
prisioneras,mujeres,género
profesoras,mujeres,género
propietarias,mujeres,género
prostitutas,mujeres,género
rameras,mujeres,género
recaudadoras,mujeres,género
reinas,mujeres,género
revisoras,mujeres,género
secretarias,mujeres,género
señoras,mujeres,género
señoritas,mujeres,género
siervas,mujeres,género
sirenas,mujeres,género
sirvientas,mujeres,género
sobrinas,mujeres,género
socias,mujeres,género
solteras,mujeres,género
sonámbulas,mujeres,género
sras,mujeres,género
sílfidees,mujeres,género
tendederas,mujeres,género
trabajadoras,mujeres,género
tías,mujeres,género
vencedoras,mujeres,género
vecinas,mujeres,género
vendedoras,mujeres,género
vestales,mujeres,género
veterinarias,mujeres,género
vireinas,mujeres,género
viudas,mujeres,género
vizcondesas,mujeres,género
